<?xml version="1.0" encoding="UTF-8"?>
<project-private xmlns="http://www.netbeans.org/ns/project-private/1">
    <editor-bookmarks xmlns="http://www.netbeans.org/ns/editor-bookmarks/1"/>
    <open-files xmlns="http://www.netbeans.org/ns/projectui-open-files/1">
        <file>file:/C:/Alfredo/alfredo/Libro/Reservaciones/ServletReservacionesNetBeans41/nbproject/build-impl.xml</file>
        <file>file:/C:/Alfredo/alfredo/Libro/Reservaciones/ServletReservacionesNetBeans41/src/java/reservaciones/interfaceUsuario/Pantalla.java</file>
        <file>file:/C:/Alfredo/alfredo/Libro/Reservaciones/ServletReservacionesNetBeans41/src/java/reservaciones/interfaceUsuarioServlet/ReservacionesServlet.java</file>
        <file>file:/C:/Alfredo/alfredo/Libro/Reservaciones/ServletReservacionesNetBeans41/src/java/reservaciones/servicios/consultas/principal/ManejadorConsultas.java</file>
        <file>file:/C:/Alfredo/alfredo/Libro/Reservaciones/ServletReservacionesNetBeans41/src/java/reservaciones/servicios/interfaceBD/InterfaceBaseDatosReserva.java</file>
        <file>file:/C:/Alfredo/alfredo/Libro/Reservaciones/ServletReservacionesNetBeans41/src/java/reservaciones/servicios/interfaceBD/InterfaceReserva.java</file>
        <file>file:/C:/Alfredo/alfredo/Libro/Reservaciones/ServletReservacionesNetBeans41/src/java/reservaciones/servicios/principal/ManejadorServicio.java</file>
        <file>file:/C:/Alfredo/alfredo/Libro/Reservaciones/ServletReservacionesNetBeans41/web/PantallaConsultaHorarios.jsp</file>
        <file>file:/C:/Alfredo/alfredo/Libro/Reservaciones/ServletReservacionesNetBeans41/web/PantallaResultadoHorarios.jsp</file>
        <file>file:/C:/Alfredo/alfredo/Libro/Reservaciones/ServletReservacionesNetBeans41/web/PantallaResultadoTarifas.jsp</file>
    </open-files>
</project-private>
