<?xml version="1.0" encoding="UTF-8"?>
<project-private xmlns="http://www.netbeans.org/ns/project-private/1">
    <editor-bookmarks xmlns="http://www.netbeans.org/ns/editor-bookmarks/1"/>
    <open-files xmlns="http://www.netbeans.org/ns/projectui-open-files/1">
        <file>file:/C:/Alfredo/alfredo/Libro/Reservaciones/PantallasReservacionesNetBeans41/src/reservaciones/pantallas/PanelData.java</file>
        <file>file:/C:/Alfredo/alfredo/Libro/Reservaciones/PantallasReservacionesNetBeans41/src/reservaciones/pantallas/PanelTabla.java</file>
        <file>file:/C:/Alfredo/alfredo/Libro/Reservaciones/PantallasReservacionesNetBeans41/src/reservaciones/pantallas/PantallaClaveReservas.java</file>
        <file>file:/C:/Alfredo/alfredo/Libro/Reservaciones/PantallasReservacionesNetBeans41/src/reservaciones/pantallas/PantallaConsultaEstado.java</file>
        <file>file:/C:/Alfredo/alfredo/Libro/Reservaciones/PantallasReservacionesNetBeans41/src/reservaciones/pantallas/PantallaConsultaHorarios.java</file>
        <file>file:/C:/Alfredo/alfredo/Libro/Reservaciones/PantallasReservacionesNetBeans41/src/reservaciones/pantallas/PantallaConsultaTarifas.java</file>
        <file>file:/C:/Alfredo/alfredo/Libro/Reservaciones/PantallasReservacionesNetBeans41/src/reservaciones/pantallas/PantallaConsultas.java</file>
        <file>file:/C:/Alfredo/alfredo/Libro/Reservaciones/PantallasReservacionesNetBeans41/src/reservaciones/pantallas/PantallaCrearRegTarjeta.java</file>
        <file>file:/C:/Alfredo/alfredo/Libro/Reservaciones/PantallasReservacionesNetBeans41/src/reservaciones/pantallas/PantallaCrearRegUsuario.java</file>
        <file>file:/C:/Alfredo/alfredo/Libro/Reservaciones/PantallasReservacionesNetBeans41/src/reservaciones/pantallas/PantallaCrearReservaVuelos.java</file>
        <file>file:/C:/Alfredo/alfredo/Libro/Reservaciones/PantallasReservacionesNetBeans41/src/reservaciones/pantallas/PantallaFrame.java</file>
        <file>file:/C:/Alfredo/alfredo/Libro/Reservaciones/PantallasReservacionesNetBeans41/src/reservaciones/pantallas/PantallaObtenerRegTarjeta.java</file>
        <file>file:/C:/Alfredo/alfredo/Libro/Reservaciones/PantallasReservacionesNetBeans41/src/reservaciones/pantallas/PantallaObtenerRegUsuario.java</file>
        <file>file:/C:/Alfredo/alfredo/Libro/Reservaciones/PantallasReservacionesNetBeans41/src/reservaciones/pantallas/PantallaPagarRegTarjeta.java</file>
        <file>file:/C:/Alfredo/alfredo/Libro/Reservaciones/PantallasReservacionesNetBeans41/src/reservaciones/pantallas/PantallaPrincipal.java</file>
        <file>file:/C:/Alfredo/alfredo/Libro/Reservaciones/PantallasReservacionesNetBeans41/src/reservaciones/pantallas/PantallaRecordReservaVuelos.java</file>
        <file>file:/C:/Alfredo/alfredo/Libro/Reservaciones/PantallasReservacionesNetBeans41/src/reservaciones/pantallas/PantallaReembolsarRegTarjeta.java</file>
        <file>file:/C:/Alfredo/alfredo/Libro/Reservaciones/PantallasReservacionesNetBeans41/src/reservaciones/pantallas/PantallaRegTarjeta.java</file>
        <file>file:/C:/Alfredo/alfredo/Libro/Reservaciones/PantallasReservacionesNetBeans41/src/reservaciones/pantallas/PantallaResultadoHorarios.java</file>
        <file>file:/C:/Alfredo/alfredo/Libro/Reservaciones/PantallasReservacionesNetBeans41/src/reservaciones/pantallas/PantallaResultadoTarifas.java</file>
    </open-files>
</project-private>
