<?xml version="1.0" encoding="UTF-8"?>
<project-private xmlns="http://www.netbeans.org/ns/project-private/1">
    <editor-bookmarks xmlns="http://www.netbeans.org/ns/editor-bookmarks/1"/>
    <open-files xmlns="http://www.netbeans.org/ns/projectui-open-files/1">
        <file>file:/C:/Alfredo/alfredo/Libro/Reservaciones/ServletReservacionesDisenioNetBeans41/src/java/reservaciones/dominio/Datos.java</file>
        <file>file:/C:/Alfredo/alfredo/Libro/Reservaciones/ServletReservacionesDisenioNetBeans41/src/java/reservaciones/interfaceUsuario/InterfaceUsuario.java</file>
        <file>file:/C:/Alfredo/alfredo/Libro/Reservaciones/ServletReservacionesDisenioNetBeans41/src/java/reservaciones/interfaceUsuario/Pantalla.java</file>
        <file>file:/C:/Alfredo/alfredo/Libro/Reservaciones/ServletReservacionesDisenioNetBeans41/src/java/reservaciones/interfaceUsuarioFrame/InterfaceUsuarioFrame.java</file>
        <file>file:/C:/Alfredo/alfredo/Libro/Reservaciones/ServletReservacionesDisenioNetBeans41/src/java/reservaciones/interfaceUsuarioServlet/InterfaceUsuarioBean.java</file>
        <file>file:/C:/Alfredo/alfredo/Libro/Reservaciones/ServletReservacionesDisenioNetBeans41/src/java/reservaciones/interfaceUsuarioServlet/ReservacionesServlet.java</file>
        <file>file:/C:/Alfredo/alfredo/Libro/Reservaciones/ServletReservacionesDisenioNetBeans41/src/java/reservaciones/pantallas/PanelComboBox.java</file>
        <file>file:/C:/Alfredo/alfredo/Libro/Reservaciones/ServletReservacionesDisenioNetBeans41/src/java/reservaciones/pantallas/PanelData.java</file>
        <file>file:/C:/Alfredo/alfredo/Libro/Reservaciones/ServletReservacionesDisenioNetBeans41/src/java/reservaciones/pantallas/PanelTabla.java</file>
        <file>file:/C:/Alfredo/alfredo/Libro/Reservaciones/ServletReservacionesDisenioNetBeans41/src/java/reservaciones/pantallas/PanelTexto.java</file>
        <file>file:/C:/Alfredo/alfredo/Libro/Reservaciones/ServletReservacionesDisenioNetBeans41/src/java/reservaciones/pantallas/PantallaFrame.java</file>
        <file>file:/C:/Alfredo/alfredo/Libro/Reservaciones/ServletReservacionesDisenioNetBeans41/src/java/reservaciones/principal/Manejador.java</file>
        <file>file:/C:/Alfredo/alfredo/Libro/Reservaciones/ServletReservacionesDisenioNetBeans41/src/java/reservaciones/principal/ManejadorPrincipal.java</file>
        <file>file:/C:/Alfredo/alfredo/Libro/Reservaciones/ServletReservacionesDisenioNetBeans41/src/java/reservaciones/registro/interfaceBD/InterfaceBaseDatosRegistro.java</file>
        <file>file:/C:/Alfredo/alfredo/Libro/Reservaciones/ServletReservacionesDisenioNetBeans41/src/java/reservaciones/registro/interfaceBD/InterfaceRegistro.java</file>
        <file>file:/C:/Alfredo/alfredo/Libro/Reservaciones/ServletReservacionesDisenioNetBeans41/src/java/reservaciones/registro/tarjeta/ManejadorRegistroTarjeta.java</file>
        <file>file:/C:/Alfredo/alfredo/Libro/Reservaciones/ServletReservacionesDisenioNetBeans41/src/java/reservaciones/registro/tarjeta/RegistroTarjeta.java</file>
        <file>file:/C:/Alfredo/alfredo/Libro/Reservaciones/ServletReservacionesDisenioNetBeans41/src/java/reservaciones/registro/usuario/ManejadorRegistroUsuario.java</file>
        <file>file:/C:/Alfredo/alfredo/Libro/Reservaciones/ServletReservacionesDisenioNetBeans41/src/java/reservaciones/registro/usuario/RegistroUsuario.java</file>
        <file>file:/C:/Alfredo/alfredo/Libro/Reservaciones/ServletReservacionesDisenioNetBeans41/src/java/reservaciones/servicios/consultas/estado/ConsultaEstado.java</file>
        <file>file:/C:/Alfredo/alfredo/Libro/Reservaciones/ServletReservacionesDisenioNetBeans41/src/java/reservaciones/servicios/consultas/estado/ManejadorConsultaEstado.java</file>
        <file>file:/C:/Alfredo/alfredo/Libro/Reservaciones/ServletReservacionesDisenioNetBeans41/src/java/reservaciones/servicios/consultas/horarios/ConsultaHorario.java</file>
        <file>file:/C:/Alfredo/alfredo/Libro/Reservaciones/ServletReservacionesDisenioNetBeans41/src/java/reservaciones/servicios/consultas/horarios/ManejadorConsultaHorarios.java</file>
        <file>file:/C:/Alfredo/alfredo/Libro/Reservaciones/ServletReservacionesDisenioNetBeans41/src/java/reservaciones/servicios/consultas/horarios/ResultadoHorario.java</file>
        <file>file:/C:/Alfredo/alfredo/Libro/Reservaciones/ServletReservacionesDisenioNetBeans41/src/java/reservaciones/servicios/consultas/principal/ManejadorConsultas.java</file>
        <file>file:/C:/Alfredo/alfredo/Libro/Reservaciones/ServletReservacionesDisenioNetBeans41/src/java/reservaciones/servicios/consultas/tarifas/ConsultaTarifa.java</file>
        <file>file:/C:/Alfredo/alfredo/Libro/Reservaciones/ServletReservacionesDisenioNetBeans41/src/java/reservaciones/servicios/consultas/tarifas/ManejadorConsultaTarifas.java</file>
        <file>file:/C:/Alfredo/alfredo/Libro/Reservaciones/ServletReservacionesDisenioNetBeans41/src/java/reservaciones/servicios/consultas/tarifas/ResultadoTarifa.java</file>
        <file>file:/C:/Alfredo/alfredo/Libro/Reservaciones/ServletReservacionesDisenioNetBeans41/src/java/reservaciones/servicios/dominio/Aerolinea.java</file>
        <file>file:/C:/Alfredo/alfredo/Libro/Reservaciones/ServletReservacionesDisenioNetBeans41/src/java/reservaciones/servicios/dominio/Aeropuertos.java</file>
        <file>file:/C:/Alfredo/alfredo/Libro/Reservaciones/ServletReservacionesDisenioNetBeans41/src/java/reservaciones/servicios/dominio/Asiento.java</file>
        <file>file:/C:/Alfredo/alfredo/Libro/Reservaciones/ServletReservacionesDisenioNetBeans41/src/java/reservaciones/servicios/dominio/Avion.java</file>
        <file>file:/C:/Alfredo/alfredo/Libro/Reservaciones/ServletReservacionesDisenioNetBeans41/src/java/reservaciones/servicios/dominio/Horario.java</file>
        <file>file:/C:/Alfredo/alfredo/Libro/Reservaciones/ServletReservacionesDisenioNetBeans41/src/java/reservaciones/servicios/dominio/Pasajero.java</file>
        <file>file:/C:/Alfredo/alfredo/Libro/Reservaciones/ServletReservacionesDisenioNetBeans41/src/java/reservaciones/servicios/dominio/Reservacion.java</file>
        <file>file:/C:/Alfredo/alfredo/Libro/Reservaciones/ServletReservacionesDisenioNetBeans41/src/java/reservaciones/servicios/dominio/Tarifa.java</file>
        <file>file:/C:/Alfredo/alfredo/Libro/Reservaciones/ServletReservacionesDisenioNetBeans41/src/java/reservaciones/servicios/dominio/ViajeroFrecuente.java</file>
        <file>file:/C:/Alfredo/alfredo/Libro/Reservaciones/ServletReservacionesDisenioNetBeans41/src/java/reservaciones/servicios/dominio/Vuelos.java</file>
        <file>file:/C:/Alfredo/alfredo/Libro/Reservaciones/ServletReservacionesDisenioNetBeans41/src/java/reservaciones/servicios/interfaceBD/InterfaceBaseDatosReserva.java</file>
        <file>file:/C:/Alfredo/alfredo/Libro/Reservaciones/ServletReservacionesDisenioNetBeans41/src/java/reservaciones/servicios/interfaceBD/InterfaceReserva.java</file>
        <file>file:/C:/Alfredo/alfredo/Libro/Reservaciones/ServletReservacionesDisenioNetBeans41/src/java/reservaciones/servicios/pagos/ManejadorPagos.java</file>
        <file>file:/C:/Alfredo/alfredo/Libro/Reservaciones/ServletReservacionesDisenioNetBeans41/src/java/reservaciones/servicios/principal/ManejadorServicio.java</file>
        <file>file:/C:/Alfredo/alfredo/Libro/Reservaciones/ServletReservacionesDisenioNetBeans41/src/java/reservaciones/servicios/reservas/ManejadorReservas.java</file>
        <file>file:/C:/Alfredo/alfredo/Libro/Reservaciones/ServletReservacionesDisenioNetBeans41/web/PantallaClaveReservas.jsp</file>
        <file>file:/C:/Alfredo/alfredo/Libro/Reservaciones/ServletReservacionesDisenioNetBeans41/web/PantallaConsultaEstado.jsp</file>
        <file>file:/C:/Alfredo/alfredo/Libro/Reservaciones/ServletReservacionesDisenioNetBeans41/web/PantallaConsultaHorarios.jsp</file>
        <file>file:/C:/Alfredo/alfredo/Libro/Reservaciones/ServletReservacionesDisenioNetBeans41/web/PantallaConsultaTarifas.jsp</file>
        <file>file:/C:/Alfredo/alfredo/Libro/Reservaciones/ServletReservacionesDisenioNetBeans41/web/PantallaConsultas.jsp</file>
        <file>file:/C:/Alfredo/alfredo/Libro/Reservaciones/ServletReservacionesDisenioNetBeans41/web/PantallaCrearRegTarjeta.jsp</file>
        <file>file:/C:/Alfredo/alfredo/Libro/Reservaciones/ServletReservacionesDisenioNetBeans41/web/PantallaCrearRegUsuario.jsp</file>
        <file>file:/C:/Alfredo/alfredo/Libro/Reservaciones/ServletReservacionesDisenioNetBeans41/web/PantallaCrearReservaVuelos.jsp</file>
        <file>file:/C:/Alfredo/alfredo/Libro/Reservaciones/ServletReservacionesDisenioNetBeans41/web/PantallaObtenerRegTarjeta.jsp</file>
        <file>file:/C:/Alfredo/alfredo/Libro/Reservaciones/ServletReservacionesDisenioNetBeans41/web/PantallaObtenerRegUsuario.jsp</file>
        <file>file:/C:/Alfredo/alfredo/Libro/Reservaciones/ServletReservacionesDisenioNetBeans41/web/PantallaPagarRegTarjeta.jsp</file>
        <file>file:/C:/Alfredo/alfredo/Libro/Reservaciones/ServletReservacionesDisenioNetBeans41/web/PantallaPrincipal.jsp</file>
        <file>file:/C:/Alfredo/alfredo/Libro/Reservaciones/ServletReservacionesDisenioNetBeans41/web/PantallaRecordReservaVuelos.jsp</file>
        <file>file:/C:/Alfredo/alfredo/Libro/Reservaciones/ServletReservacionesDisenioNetBeans41/web/PantallaReembolsarRegTarjeta.jsp</file>
        <file>file:/C:/Alfredo/alfredo/Libro/Reservaciones/ServletReservacionesDisenioNetBeans41/web/PantallaResultadoEstado.jsp</file>
        <file>file:/C:/Alfredo/alfredo/Libro/Reservaciones/ServletReservacionesDisenioNetBeans41/web/PantallaResultadoHorarios.jsp</file>
        <file>file:/C:/Alfredo/alfredo/Libro/Reservaciones/ServletReservacionesDisenioNetBeans41/web/PantallaResultadoTarifas.jsp</file>
        <file>file:/C:/Alfredo/alfredo/Libro/Reservaciones/ServletReservacionesDisenioNetBeans41/web/PantallaServicio.jsp</file>
    </open-files>
</project-private>
